Nombre,Direcci√≥n,Latitud,Longitud,Tel√©fono,Horario,P√°gina Web,Rating,Rese√±as,Precio,Popularidad
Mascortinas,"Av. Pedro de Valdivia 3462, local 70A, 7750065 √ëu√±oa, Regi√≥n Metropolitana, Chile",-33.4544421,-70.6047037,(2) 2269 7071,"['Monday: 10:30\u202fAM\u2009‚Äì\u20096:00\u202fPM', 'Tuesday: 10:30\u202fAM\u2009‚Äì\u20096:00\u202fPM', 'Wednesday: 10:30\u202fAM\u2009‚Äì\u20096:00\u202fPM', 'Thursday: 10:30\u202fAM\u2009‚Äì\u20096:00\u202fPM', 'Friday: 10:30\u202fAM\u2009‚Äì\u20096:00\u202fPM', 'Saturday: Closed', 'Sunday: Closed']",,5.0,"['Excellent attention. 100% recommended. Don Juan, its owner, took care of every detail and it was he himself who took measurements and later did the installation with his son. Very professional work and with the warmth of personalized treatment. Thank you!!', ""Totally recommended for anyone who wants high-quality work... the company's track record and expertise are evident. Very satisfied with the advice when I was deciding which curtains to put in and then with the result achieved. I highlight the installation, which was done with great care, was efficient and very clean (they immediately vacuum up any residue that may come out during the installation)."", ""My sister gave me Don Juan's contact because at the beginning of the year I had changed all the veils with them. I had listed with other companies and it cost me twice as much. When I called him, he came the next day. She arrived with a small suitcase full of fabrics and asked me what my budget was. We work based on that. It took approximately 3 weeks to have them ready. Very honest in telling you the fabrics you have to use and their durability. He won't sell you a fabric just on price. Totally recommended. 10/10. I had the curtains made in the living room, desk and bedroom. Really very convenient price."", ""I am very happy with Don Juan's work; I had the curtains made for my country house where Don Juan personally went to check the measurements and also went to install them, everything was impeccable. Highly recommended.\nThanks to MASCORTINAS!!"", 'Excellent service and curtains. I had them made 9 months ago and they are still as impeccable as the first day. Don Juan came to take the measurements and showed me how they should be installed in case I wanted to do it myself (even though they offer installation service). I recommend it 100%']",,47.0
CHANTILLY,"Los Industriales 2858, 2872, 7821153 Macul, Regi√≥n Metropolitana, Chile",-33.4866029,-70.6031215,(2) 2294 6733,"['Monday: 8:15\u202fAM\u2009‚Äì\u20095:45\u202fPM', 'Tuesday: 8:15\u202fAM\u2009‚Äì\u20095:45\u202fPM', 'Wednesday: 8:15\u202fAM\u2009‚Äì\u20095:45\u202fPM', 'Thursday: 8:15\u202fAM\u2009‚Äì\u20095:45\u202fPM', 'Friday: 8:15\u202fAM\u2009‚Äì\u20095:45\u202fPM', 'Saturday: Closed', 'Sunday: Closed']",http://www.chantilly.cl/,4.2,"['This place has two stores. One with a service for curtains, blinds and upholstery, experienced professionals who guide you and the place that inspires for the most beautiful projects. I went to get fabric to reupholster my chairs and after touring the warehouse I brought curtains for the workshop and a cover for my armchair as well.\nThe second store has decoration, it is spacious and with incredible prices, many new items. They serve until 5 p.m..', 'They treat me like king', 'It is a Company that is competing very well in the Market and I hope it does excellently.', ""WEAR THE FASHION.\nEverything in roller blinds (the fashionable ones), they also have traditional curtains, floors and several other things. The attention is super personalized‚Ä¶ everyone's professionalism is evident."", 'Bad attention from the staff. The quality of the products you buy is not good.']",,236.0
Cortinas store a medida CURTAINS STORE HOME,"P.¬∫ Mano de Le√≥n, La Florida, Regi√≥n Metropolitana, Chile",-33.5309321,-70.5685507,9 9778 7327,"['Monday: 9:00\u202fAM\u2009‚Äì\u20096:00\u202fPM', 'Tuesday: 9:00\u202fAM\u2009‚Äì\u20096:00\u202fPM', 'Wednesday: 9:00\u202fAM\u2009‚Äì\u20096:00\u202fPM', 'Thursday: 9:00\u202fAM\u2009‚Äì\u20096:00\u202fPM', 'Friday: 9:00\u202fAM\u2009‚Äì\u20096:00\u202fPM', 'Saturday: Closed', 'Sunday: Closed']",https://www.instagram.com/invites/contact/?i=1hbftnevuphn3&utm_content=im1nz6k,5.0,"['Excellent service, very detailed, very good quality of materials. Meets delivery deadlines. I recommend it 100%. The curtains I ordered were beautiful!', 'I was fascinated with my Store curtains! They were impactful and tailored. Everyone asks me where I order them. Highly recommended!', 'Excellent work, very detailed and at a good price.', 'Very good attention and punctuality', 'The best curtains.']",,10.0
Cortinas Deco Hogar Chile,"Av. Lo Espejo 02124, 8060020 Lo Espejo, San Bernardo, Regi√≥n Metropolitana, Chile",-33.5363783,-70.6933446,9 6400 0932,"['Monday: 9:30\u202fAM\u2009‚Äì\u20095:00\u202fPM', 'Tuesday: 9:30\u202fAM\u2009‚Äì\u20095:00\u202fPM', 'Wednesday: 9:30\u202fAM\u2009‚Äì\u20095:00\u202fPM', 'Thursday: 9:30\u202fAM\u2009‚Äì\u20095:00\u202fPM', 'Friday: 9:30\u202fAM\u2009‚Äì\u20095:00\u202fPM', 'Saturday: Closed', 'Sunday: Closed']",http://www.cortinasdecohogar.cl/,4.9,"['I loved the service from Cortinas Deco Hogar. Very friendly site to place the order and pay. Verification of measurements and preparation very fast. Very good installation. I highlight the attention of Cristian, the installer, very good along with the excellent service. From order to installation 6 days, including Saturday and Sunday.', ""In reality, they came to my house on the day of the heavy rains, before that they rectified measurements by video call, always very kind and concerned, and my blue curtain turned out beautiful, I loved it, it didn't take long to install it, thank you Cristian!! Because of their professionalism and responsibility, the curtain also looks beautiful‚Ä¶"", 'An excellent purchasing decision. From the purchase evaluation process I had online advice. The installer of the product, Mr. Abraham Romero, contacted me to coordinate the visit, he showed up at the agreed time and carried out a very professional and neat installation, giving recommendations and tips for what we needed, the best professional and pleasant attention with the customer. Finally we ended up buying another product because we were very satisfied. Quality product and top materials. Excellent product, excellent service, 100% recommended.', 'I bought here and everything was perfect... the product is of good quality and very aesthetic. Special mention for Cristhian who installed the curtains as he was very kind and answered each of our questions... congratulations...', 'Good service and excellent product, responsible in their work and always with a good disposition\n\nImpeccable and optimal installation.\nRoller installed by Cristian']",,265.0
Deco y Cortinas RM,"Av. Apoquindo 6410, Oficina 605, 7560903 Las Condes, Regi√≥n Metropolitana, Chile",-33.40775509999999,-70.5643523,9 6544 3715,"['Monday: 9:30\u202fAM\u2009‚Äì\u20097:00\u202fPM', 'Tuesday: 9:30\u202fAM\u2009‚Äì\u20097:00\u202fPM', 'Wednesday: 9:30\u202fAM\u2009‚Äì\u20097:00\u202fPM', 'Thursday: 9:30\u202fAM\u2009‚Äì\u20097:00\u202fPM', 'Friday: 9:30\u202fAM\u2009‚Äì\u20097:00\u202fPM', 'Saturday: Closed', 'Sunday: Closed']",,5.0,[''],,1.0
Deco Planet,"Francisco Bilbao 6742, 7571463 Las Condes, Regi√≥n Metropolitana, Chile",-33.4305492,-70.5604602,(2) 2608 0615,"['Monday: 10:00\u202fAM\u2009‚Äì\u20096:00\u202fPM', 'Tuesday: 10:00\u202fAM\u2009‚Äì\u20096:00\u202fPM', 'Wednesday: 10:00\u202fAM\u2009‚Äì\u20096:00\u202fPM', 'Thursday: 10:00\u202fAM\u2009‚Äì\u20096:00\u202fPM', 'Friday: 10:00\u202fAM\u2009‚Äì\u20096:00\u202fPM', 'Saturday: 10:00\u202fAM\u2009‚Äì\u20094:00\u202fPM', 'Sunday: Closed']",,4.1,"[""I bought 4 armchairs, 2 of them broke their legs. I have called and they do not respond to me due to warranty. They haven't even bothered to check the chairs. Terrible after-sales treatment."", 'Very good service both in sales and after sales. The fabrics and other items seem to be of quality, but there are details that make me rate them with two stars, for example; The frames do not keep the bottom edge of the fabric completely straight, tending to curl, which is even more noticeable in artificial light. The curtain rollers look quality, but something happens that they become uncalibrated and when rolled up they tend to stick a lot to the ends, ""rolling up"" them and damaging the side edges of the fabric. They came to fix it once and it happened again. I prefer not to insist. The above without mentioning that they did not include the chain weights. I\'ve been using roller blinds for over 10 years, so I know that shouldn\'t happen. I appreciate the good attention, but I hope you take note of these details, since they are not curtains with Retail store value.', 'Excellent service, from the sellers to their master installers. It added a chic touch to my apartment.', 'Very varied, good prices and the attention and installation of curtains is the best!!', 'Quality in fabrics and supports and what is important, guarantee']",,8.0
Cortinas Roller en Las Condes,"7550000 Las Condes, Santiago Metropolitan Region, Chile",-33.4071212,-70.55940939999999,9 9870 2755,"['Monday: 9:30\u202fAM\u2009‚Äì\u20096:30\u202fPM', 'Tuesday: 9:30\u202fAM\u2009‚Äì\u20096:30\u202fPM', 'Wednesday: 9:30\u202fAM\u2009‚Äì\u20096:30\u202fPM', 'Thursday: 9:30\u202fAM\u2009‚Äì\u20096:30\u202fPM', 'Friday: 9:30\u202fAM\u2009‚Äì\u20096:30\u202fPM', 'Saturday: Closed', 'Sunday: Closed']",http://www.revesan.cl/,3.6,"['Welcome to REVESAN\n\nRevesan was born in 2002, following a personal desire to project and transmit the experience acquired by Samuel Reveco, in years of work as a prominent seller of Luxaflex products from Hunter Douglas.\n\nThis Revesan proposal is based on delivering solutions of recognized quality, decorative, functional, exclusive and cutting-edge. For every environment, both in homes and offices, indoors and outdoors.\n\nPlus complete advice and personalized attention from our sellers.', 'Nice and wide view of the civic neighborhood', '', '', '']",,10.0
Tienda Inedito,"San Diego 154, 8330250 Santiago, Regi√≥n Metropolitana, Chile",-33.4467112,-70.65112839999999,(2) 2671 9483,"['Monday: 10:30\u202fAM\u2009‚Äì\u20097:30\u202fPM', 'Tuesday: 10:30\u202fAM\u2009‚Äì\u20097:30\u202fPM', 'Wednesday: 10:30\u202fAM\u2009‚Äì\u20097:30\u202fPM', 'Thursday: 10:30\u202fAM\u2009‚Äì\u20097:30\u202fPM', 'Friday: 10:30\u202fAM\u2009‚Äì\u20097:30\u202fPM', 'Saturday: 10:30\u202fAM\u2009‚Äì\u20094:00\u202fPM', 'Sunday: Closed']",,3.4,"[""Terrible service, I bought irons and supports for curtains, a lady helps me and tells me that they are delivered to me cut to size. I arrive to install. and they are missing about 2 cm which complicates the installation. I return to indicate my problem and ask for another type of supports... this time the ones that face the ceiling and I ask for a third. The lady gives me a different one since there were no more of the same design left, to which I ask if there is no problem with the shipping since one was smaller than the others and he told me no.. I brought the card closer, not answering my question.. I only insisted on the payment. I tell him that I can't go there all the time since I live far away and he doesn't seem to care. He also doesn't give me an answer for the poor cut of the irons and insists that the work they did was correct... horrible attention, no. They listen to the client. They don't care after you make the purchase."", ""Terrible attention, in fact, they didn't even attend to me ü§∑"", 'The man who serves does not listen to the requirements and therefore does not offer the solutions that one needs. But they have a wide variety of curtains.', 'Terrible service, they make changes to the order without the customer knowing, until the moment they go to pick up the order. Without a doubt, terrible service', 'An absolute displeasure. Bad attention.']",,23.0
Persiane,"√ëuble 1034, Oficina 203, Santiago, Regi√≥n Metropolitana, Chile",-33.4698805,-70.64754099999999,9 8464 3117,"['Monday: 9:00\u202fAM\u2009‚Äì\u20096:30\u202fPM', 'Tuesday: 9:00\u202fAM\u2009‚Äì\u20096:30\u202fPM', 'Wednesday: 9:00\u202fAM\u2009‚Äì\u20096:30\u202fPM', 'Thursday: 9:00\u202fAM\u2009‚Äì\u20096:00\u202fPM', 'Friday: 9:00\u202fAM\u2009‚Äì\u20096:00\u202fPM', 'Saturday: Closed', 'Sunday: Closed']",http://www.persiane.cl/,4.7,"['They meet the reported deadlines, very good quality of the curtains. Regarding the installation, it arrives on time and is very well executed and neat. Friendly in all their processes.', 'I requested the installation of a hanga roa curtain for a small window and it turned out impeccable. Very satisfied with the work, from the moment I contacted them for a quote until they completed the installation. Everything very expeditious and of excellent quality. Recommended.', 'Excellent work, quality, very good service. Recommended. I was very happy with my blinds.', 'I was fascinated with the purchase of my custom blinds and roller curtains, excellent attention from the installer, very nice designs, what I highlight most is the speed of delivery given that they were ready before the agreed date! I recommend them 100%', 'Excellent service. The service was great, the installation was perfect and the quality of the product is excellent. Recommended 100%']",,87.0
Cortinas Croes,"Santiago de Chile, 7510353 Providencia, Regi√≥n Metropolitana, Chile",-33.428589,-70.6062164,9 6301 8994,"['Monday: 9:00\u202fAM\u2009‚Äì\u20096:00\u202fPM', 'Tuesday: 9:00\u202fAM\u2009‚Äì\u20096:00\u202fPM', 'Wednesday: 9:00\u202fAM\u2009‚Äì\u20096:00\u202fPM', 'Thursday: 9:00\u202fAM\u2009‚Äì\u20096:00\u202fPM', 'Friday: 9:00\u202fAM\u2009‚Äì\u20096:00\u202fPM', 'Saturday: 10:00\u202fAM\u2009‚Äì\u20092:00\u202fPM', 'Sunday: Closed']",http://www.cortinascroes.cl/,5.0,"['Excellent quality and service. The people who work are very friendly and responsible. They take the time to explain everything.', ""The service really is excellent. They are very polite, kind and above all responsible for their work. They helped us a lot when we told them that we didn't have curtains and they brought us temporary ones at no cost that were very useful for us. Very high quality products (with VERY affordable values), installation a 10, conscientiously and without rushing. They explain how the curtains work so as not to damage them and give you payment options to make it easier. Absolutely recommended!"", 'Excellent service, totally recommended! Yesterday they came to my apartment to set up all the Motorized Shades and the service was 10/10.\n\nVery attentive, they explained to us how to clean them properly, they cut some loose threads and explained to me how to configure them independently in case they got out of adjustment again due to an electrical problem.\n\nVery good service experience. Thank you so much.\nAv. Irarr√°zaval 2220', 'The service is excellent from the moment you contact them. They are attentive to your doubts and queries at any time of the day. They are also fast with the delivery of the curtains, since they installed them for me in less than a week. The curtains are very pretty and were perfect in my living room! 100% recommended.', 'Excellent service, very professional and excellent quality! I recommend them!']",,41.0
BLINDS AND CURTAINS IZURIETA,"Patagonia 8767, Las Condes, Regi√≥n Metropolitana, Chile",-33.4096643,-70.54354239999999,(2) 2228 4449,"['Monday: 10:00\u202fAM\u2009‚Äì\u20092:00\u202fPM, 3:00\u2009‚Äì\u20097:00\u202fPM', 'Tuesday: 10:00\u202fAM\u2009‚Äì\u20092:00\u202fPM, 3:00\u2009‚Äì\u20097:00\u202fPM', 'Wednesday: 10:00\u202fAM\u2009‚Äì\u20092:00\u202fPM, 3:00\u2009‚Äì\u20097:00\u202fPM', 'Thursday: 10:00\u202fAM\u2009‚Äì\u20092:00\u202fPM, 3:00\u2009‚Äì\u20097:00\u202fPM', 'Friday: 10:00\u202fAM\u2009‚Äì\u20092:00\u202fPM, 3:00\u2009‚Äì\u20096:00\u202fPM', 'Saturday: 10:00\u202fAM\u2009‚Äì\u20092:00\u202fPM', 'Sunday: Closed']",http://www.cortinasizurieta.cl/,4.6,"['If I had more stars I would give them to you! The best Izurieta curtains, speed, confidence, quality, all excellent, less than a week to measure, manufacture and install the curtains to measure and dry completely; grateful to Hugo who installed them and very detailed, I would buy again a thousand times!!! Meets the promised deadlines and even faster than that, easy payment, excellent quality.', '100% recommended, all of excellent quality, good prices and speed. We are from the region and were able to install all the curtains ourselves. Purchase process with excellent experience.', 'Excellent service, quality, time and I picked them up when they told me, my whole house with your curtains, keep up the good work! Very good', 'I bought some blinds that I never thought would have holes for light, since when quoting and having them made it does not specify anywhere, I even have sheets on my windows that reflect light and I also had to install 2 internal curtains to reduce the brightness of the light. In the end they only serve me when there is little sun.', 'It was perfect, requested color and delivery before the deadline. It works impeccably. Excellent purchase, 100% recommended']",,63.0
"Fabrics: Curtains, Roller & Canopies","Av. Luis Pasteur 6371, 7640297 Vitacura, Regi√≥n Metropolitana, Chile",-33.3834465,-70.5727175,,"['Monday: 10:00\u202fAM\u2009‚Äì\u20097:00\u202fPM', 'Tuesday: 10:00\u202fAM\u2009‚Äì\u20097:00\u202fPM', 'Wednesday: 10:00\u202fAM\u2009‚Äì\u20097:00\u202fPM', 'Thursday: 10:00\u202fAM\u2009‚Äì\u20097:00\u202fPM', 'Friday: 10:00\u202fAM\u2009‚Äì\u20097:00\u202fPM', 'Saturday: 10:00\u202fAM\u2009‚Äì\u20092:00\u202fPM', 'Sunday: Closed']",http://www.fabrics.cl/,4.8,"['Good prices and tasteful items', ""How good to know that there are stores in which one feels truly advised.\nThe saleswoman's knowledge of the products is remarkable.\nAdditionally, I congratulate the good disposition of all the people in the store.\nI'm going to recommend it anyway\nThanks for everything"", 'I really like this place as they sell very good fabrics and bedding. The linen is very good there. The beautiful quilts along with the 100% cotton blankets. I also recommend feather pillows.', 'I went to the Luis Pasteur store to quote some curtains for my house and I really want to congratulate the people who work in the store since it is clear that they are very trained sales professionals, where they guided me with my project and recommended me what that if I should use and the new trends. The service was very personalized and the coordination with the facilities was very organized.', 'Excellent store with varied and innovative designs, all of very good quality. I recommend visiting.']",,66.0
Murinter Decostore - Hunter Douglas,"Av. Jos√© Alcalde D√©lano 10682, Lo Barnechea, Regi√≥n Metropolitana, Chile",-33.35526220000001,-70.5368917,,"['Monday: 10:00\u202fAM\u2009‚Äì\u20092:00\u202fPM, 3:00\u2009‚Äì\u20096:30\u202fPM', 'Tuesday: 10:00\u202fAM\u2009‚Äì\u20092:00\u202fPM, 3:00\u2009‚Äì\u20096:30\u202fPM', 'Wednesday: 10:00\u202fAM\u2009‚Äì\u20092:00\u202fPM, 3:00\u2009‚Äì\u20096:30\u202fPM', 'Thursday: 10:00\u202fAM\u2009‚Äì\u20092:00\u202fPM, 3:00\u2009‚Äì\u20096:30\u202fPM', 'Friday: 10:00\u202fAM\u2009‚Äì\u20092:00\u202fPM, 3:00\u2009‚Äì\u20096:30\u202fPM', 'Saturday: 10:00\u202fAM\u2009‚Äì\u20092:00\u202fPM', 'Sunday: Closed']",http://www.murinter.cl/,5.0,"['There is no better quality. I bought a beach umbrella and it is superior to anything I have seen.\nAnd the attention was also a pleasure. :)\nThank you!', 'Incredible attention from the employees! Nothing better than gifting the house with these higher quality curtains and rollers.', 'Excellent experience, they resolved my needs in a very good time and we were super happy with the result.', 'Excellent advice throughout the process, high quality products! Recommended 100%', 'Very good professionals, I bought curtains from them for my apartment, very detailed in the installation process.']",,11.0
Tienda JS Cortinas y Decoracion de hogar,"Enrique Matte 2301, 8460145 Pedro Aguirre Cerda, Regi√≥n Metropolitana, Chile",-33.4818849,-70.66619779999999,9 6721 8304,"['Monday: 8:30\u202fAM\u2009‚Äì\u20096:30\u202fPM', 'Tuesday: 8:30\u202fAM\u2009‚Äì\u20096:30\u202fPM', 'Wednesday: 8:30\u202fAM\u2009‚Äì\u20096:30\u202fPM', 'Thursday: 8:30\u202fAM\u2009‚Äì\u20096:30\u202fPM', 'Friday: 8:30\u202fAM\u2009‚Äì\u20096:30\u202fPM', 'Saturday: 9:00\u202fAM\u2009‚Äì\u20095:00\u202fPM', 'Sunday: Closed']",http://almacentreshermanos-cl.webnode.cl/,5.0,['Good service and sweet things.'],,1.0
Oficinas Hunter Douglas Chile,"Av. Bicentenario 3883, local 7, 7630312 Vitacura, Regi√≥n Metropolitana, Chile",-33.3982607,-70.6003616,(2) 2394 0300,"['Monday: 9:00\u202fAM\u2009‚Äì\u20091:00\u202fPM, 3:00\u2009‚Äì\u20095:30\u202fPM', 'Tuesday: 9:00\u202fAM\u2009‚Äì\u20091:00\u202fPM, 3:00\u2009‚Äì\u20095:30\u202fPM', 'Wednesday: 9:00\u202fAM\u2009‚Äì\u20091:00\u202fPM, 3:00\u2009‚Äì\u20095:30\u202fPM', 'Thursday: 9:00\u202fAM\u2009‚Äì\u20091:00\u202fPM, 3:00\u2009‚Äì\u20095:30\u202fPM', 'Friday: 9:00\u202fAM\u2009‚Äì\u20091:00\u202fPM, 3:00\u2009‚Äì\u20095:30\u202fPM', 'Saturday: Closed', 'Sunday: Closed']",http://www.hunterdouglas.cl/,4.6,"['Good afternoon\nI had some living room curtains made on September 10, they assured me that they would be ready without fail on October 20..... There is still no sign of them appearing.\nI had a better idea from Hunter Douglas and even needed several awnings to install on terraces but with this delay I no longer need them.\nNow waiting for an answer about my curtains......', 'Since I have tried to quote their architectural products, it has been a disaster, they do not respond to quotes. They have distributors who do not know the products they sell; their distributors are not aware of those that are discontinued. They even request the DNA to be able to quote and ask if we are in a position to purchase the product. For a company that has a ""monopoly"" on what they manufacture, they are far from being a company with a high quality of service and customer orientation. For this reason, I recommend my clients change their covers or other products for alternatives.', 'Excellent company, great attention and they are people who are always up to date with innovation.\nIts materials are expensive but with unmatched durability and quality.', 'Very good service, personalized according to our requirements... The quality of the product is worth it.', 'Every visit, a pleasure! The people who serve both clients and visitors denote kindness and concern for attention. Efficient and friendly. Thank you.']",,85.0
Sabicort Chile S.A.,"Arcadia 1259, 8910046 Santiago, San Miguel, Regi√≥n Metropolitana, Chile",-33.48001530000001,-70.6498426,(2) 2551 5988,"['Monday: 10:00\u202fAM\u2009‚Äì\u20095:30\u202fPM', 'Tuesday: 10:00\u202fAM\u2009‚Äì\u20095:30\u202fPM', 'Wednesday: 10:00\u202fAM\u2009‚Äì\u20095:30\u202fPM', 'Thursday: 10:00\u202fAM\u2009‚Äì\u20095:30\u202fPM', 'Friday: 10:00\u202fAM\u2009‚Äì\u20095:30\u202fPM', 'Saturday: Closed', 'Sunday: Closed']",https://www.sabicort.cl/,4.5,"['The store is very good.\nReasonable prices\nGood products.\nAdditionally, you can operate from your home.\nWell, you cancel and they send you the products,\nvia pulma bus. (we are from Quisco).\nAlbert\n\nin', 'I love it, everyone is very friendly. Not to mention the quality of the products. Excellent store.', 'You find very good prices and the curtain making is excellent', 'They have fabrics for everything.   Good prices and excellent service.', 'I have been buying for years... excellent fabrics']",,21.0
Cortinas Santiago,"Av. Independencia 315, 8380597 Independencia, Regi√≥n Metropolitana, Chile",-33.4280218,-70.6537179,,"['Monday: 10:00\u202fAM\u2009‚Äì\u20097:00\u202fPM', 'Tuesday: 10:00\u202fAM\u2009‚Äì\u20097:00\u202fPM', 'Wednesday: 10:00\u202fAM\u2009‚Äì\u20097:00\u202fPM', 'Thursday: 10:00\u202fAM\u2009‚Äì\u20097:00\u202fPM', 'Friday: 10:00\u202fAM\u2009‚Äì\u20097:00\u202fPM', 'Saturday: 10:00\u202fAM\u2009‚Äì\u20093:00\u202fPM', 'Sunday: Closed']",,4.0,"['The best thing is that the price for making the curtain per meter is super convenient and you have a lot of variety in fabrics.', 'Car', 'Good to the mayor of the pocket', 'Beautiful fabrics', 'Phone?????????']",,25.0
"CORTINAS ROLLER A MEDIDA , DUO, BLACKOUT, SUNSCREEN,CORTINAS ROLLER DOBLES / 3DBLOCK","Badajoz 45, 7560941 Las Condes, Regi√≥n Metropolitana, Chile",-33.409077,-70.5720446,9 3656 2804,"['Monday: 9:00\u202fAM\u2009‚Äì\u20097:00\u202fPM', 'Tuesday: 9:00\u202fAM\u2009‚Äì\u20097:00\u202fPM', 'Wednesday: 9:00\u202fAM\u2009‚Äì\u20097:00\u202fPM', 'Thursday: 9:00\u202fAM\u2009‚Äì\u20097:00\u202fPM', 'Friday: 9:00\u202fAM\u2009‚Äì\u20097:00\u202fPM', 'Saturday: 9:00\u202fAM\u2009‚Äì\u20097:00\u202fPM', 'Sunday: Closed']",,4.8,"['good service, they went to measure to confirm the measurements and then the preparation of the rollers and installation was expeditious. The materials are of good quality', ""I was happy with my curtains. The advice was perfect, quality price (very very good)\nThey have a variety of fabrics, so it's easier to choose. They are super neat in the installation, they turned out nice and I solved the heat problem I had. I have all the afternoon sun in front of me, now I don't have to close the curtains and stay dark to avoid the heat. I also put black out, which allows me to completely darken the piece in broad daylight.\nSuper recommended"", 'Twice I have had curtains made and everything turned out perfectly without problems, on one occasion there was a confusion in the measurements of the curtains and they solved it quickly, I recommend them, they are a serious and responsible company.', 'Excellent service, fast delivery, polite and friendly installer and perfect rollers!', 'Extremely happy!\nVery good attention\nThey are super fast, good price, mega pro!']",,59.0
Cortinas Modernas Spa,"Av. Las Flores 1598, 9061469 Pudahuel, Regi√≥n Metropolitana, Chile",-33.4575822,-70.84396629999999,9 9096 6799,"['Monday: 9:00\u202fAM\u2009‚Äì\u20098:00\u202fPM', 'Tuesday: 9:00\u202fAM\u2009‚Äì\u20098:00\u202fPM', 'Wednesday: 9:00\u202fAM\u2009‚Äì\u20098:00\u202fPM', 'Thursday: 9:00\u202fAM\u2009‚Äì\u20098:00\u202fPM', 'Friday: 9:00\u202fAM\u2009‚Äì\u20098:00\u202fPM', 'Saturday: 10:00\u202fAM\u2009‚Äì\u20093:00\u202fPM', 'Sunday: 10:00\u202fAM\u2009‚Äì\u20093:00\u202fPM']",http://www.cortinasmodernas.cl/,4.8,"['Excellent products and very good service', 'Excellent service and after-sales attention! recommendable', 'Excellent', ""I don't know this place"", '']",,6.0
Casa Scarlett cuerdas cortinas,"Av. Irarr√°zaval 3220, √ëu√±oa, Regi√≥n Metropolitana, Chile",-33.4547513,-70.5973736,(2) 2209 9629,"['Monday: 10:00\u202fAM\u2009‚Äì\u20092:00\u202fPM, 4:00\u2009‚Äì\u20095:30\u202fPM', 'Tuesday: 10:00\u202fAM\u2009‚Äì\u20092:00\u202fPM, 4:00\u2009‚Äì\u20095:30\u202fPM', 'Wednesday: 10:00\u202fAM\u2009‚Äì\u20092:00\u202fPM, 4:00\u2009‚Äì\u20095:30\u202fPM', 'Thursday: 10:00\u202fAM\u2009‚Äì\u20092:00\u202fPM, 4:00\u2009‚Äì\u20095:30\u202fPM', 'Friday: 10:00\u202fAM\u2009‚Äì\u20092:00\u202fPM, 4:00\u2009‚Äì\u20095:30\u202fPM', 'Saturday: Closed', 'Sunday: Closed']",http://casascarlett.cl/index1.html,4.3,"['Excellent service, the work is of high quality due to the material of the curtains and the preparation. The delivery and installation process is also flawless. The best thing is that after a budget consultation process in different places, it is the most economical and of high quality.', 'Bad attention. I arrived on time because it was closed. Staff avoiding work. Bad there', 'Good Products and Excellent Service', ""It looks good, unfortunately they didn't have what I was looking for"", 'I have been buying Velcro wholesale for years, they are efficient and good but pricey!\nThe owner and father of the young people is very kind and gentleman, a charming man!']",,42.0
Cortinas Decora,"3624, - Orleans 3612, Maip√∫, Regi√≥n Metropolitana, Chile",-33.5552151,-70.7967395,9 2748 9353,"['Monday: 9:00\u202fAM\u2009‚Äì\u20097:30\u202fPM', 'Tuesday: 9:00\u202fAM\u2009‚Äì\u20097:30\u202fPM', 'Wednesday: 9:00\u202fAM\u2009‚Äì\u20097:30\u202fPM', 'Thursday: 9:00\u202fAM\u2009‚Äì\u20097:30\u202fPM', 'Friday: 9:00\u202fAM\u2009‚Äì\u20097:30\u202fPM', 'Saturday: Closed', 'Sunday: Closed']",http://cortinasydisenodecohouse.blogspot.com/,4.3,"['Manufacturing of curtains in general, sale and installation of rust bars.', 'Very nice designs and assortments', '', '', '']",,7.0
Cortinas JG,"Av. Ossa 599, 8000161 La Cisterna, Regi√≥n Metropolitana, Chile",-33.5403418,-70.65824839999999,9 8259 1769,"['Monday: 9:00\u202fAM\u2009‚Äì\u20097:00\u202fPM', 'Tuesday: 9:00\u202fAM\u2009‚Äì\u20097:00\u202fPM', 'Wednesday: 9:00\u202fAM\u2009‚Äì\u20097:00\u202fPM', 'Thursday: 9:00\u202fAM\u2009‚Äì\u20097:00\u202fPM', 'Friday: 9:00\u202fAM\u2009‚Äì\u20097:00\u202fPM', 'Saturday: 9:00\u202fAM\u2009‚Äì\u20092:00\u202fPM', 'Sunday: Closed']",http://www.cortinasdemaderaypersianasjg.cl/,5.0,"['My personal opinion is that I recommend this article because it is of good quality and the company is responsible and punctual in the delivery of its products.', 'I JUST HAD SOME CURTAINS INSTALLED FOR ME AND THEY ARE OF VERY GOOD QUALITY AND THEY ARE VERY RESPONSIBLE IN THEIR DELIVERY, SO I RECOMMEND THEM', 'Excellent service, punctual speed in delivery and with a recommended guarantee', 'WE RECOMMEND THIS COMPANY FOR ITS QUALITY OF WORK, RESPONSIBILITY AND TIMELINESS IN THE DELIVERY OF ITS PRODUCTS', 'Excellent quality, punctuality and prices.\nTotally recommended']",,6.0
Cortinas Roller stores fundas lavado de cortinas y alfombras retapizados limpieza de vidrios y aseo,"Las Cris√°lidas 5580, 7850227 La Reina, Regi√≥n Metropolitana, Chile",-33.4360434,-70.5755186,9 9799 3071,"['Monday: 9:00\u202fAM\u2009‚Äì\u20097:00\u202fPM', 'Tuesday: 9:00\u202fAM\u2009‚Äì\u20097:00\u202fPM', 'Wednesday: 9:00\u202fAM\u2009‚Äì\u20097:00\u202fPM', 'Thursday: 9:00\u202fAM\u2009‚Äì\u20097:00\u202fPM', 'Friday: 9:00\u202fAM\u2009‚Äì\u20097:00\u202fPM', 'Saturday: 9:00\u202fAM\u2009‚Äì\u20097:00\u202fPM', 'Sunday: 9:00\u202fAM\u2009‚Äì\u20097:00\u202fPM']",http://www.monicarivas.cl/,4.2,"['Terrible service. Do not send your blackout curtains to be cleaned with this person or you will be victims of scams. The lavas break down and then they charge you to repair them. He delivers the work very poorly, everything wrinkled.', 'The best thing is that everything is well installed.', 'Excellent attention.', '', '']",,5.0
Insideart Cortinas Roller Duo,"R√≠o de Janeiro 297, local 8, 8420421 Santiago, Recoleta, Regi√≥n Metropolitana, Chile",-33.4302669,-70.6430357,(2) 2732 8591,"['Monday: 9:00\u202fAM\u2009‚Äì\u20096:00\u202fPM', 'Tuesday: 9:00\u202fAM\u2009‚Äì\u20096:00\u202fPM', 'Wednesday: 9:00\u202fAM\u2009‚Äì\u20096:00\u202fPM', 'Thursday: 9:00\u202fAM\u2009‚Äì\u20096:00\u202fPM', 'Friday: 9:00\u202fAM\u2009‚Äì\u20096:00\u202fPM', 'Saturday: 10:00\u202fAM\u2009‚Äì\u20094:00\u202fPM', 'Sunday: Closed']",http://www.insideart.cl/,4.3,"['Cordiality and personalized attention, more than 80 models available, New 2017-2018 collection.', 'Hello, any branch in Concepcion....please say ection to go!!!', 'Excellent atention', 'I love their curtains and new prices!!', 'High quality work']",,23.0
Cortinas de Chile,"Jos√© Diego Benavente 25, 7750000 √ëu√±oa, Regi√≥n Metropolitana, Chile",-33.454571,-70.5972961,9 9858 9564,"['Monday: 10:00\u202fAM\u2009‚Äì\u20095:00\u202fPM', 'Tuesday: 10:00\u202fAM\u2009‚Äì\u20095:00\u202fPM', 'Wednesday: 10:00\u202fAM\u2009‚Äì\u20095:00\u202fPM', 'Thursday: 10:00\u202fAM\u2009‚Äì\u20095:00\u202fPM', 'Friday: 10:00\u202fAM\u2009‚Äì\u20095:00\u202fPM', 'Saturday: Closed', 'Sunday: Closed']",,5.0,"['Very good service, reliable and quick installation in less than a week I had my custom roller duo‚Ä¶', 'Very good', '']",,3.0
Cortinas Sys,"San Pablo 1391, Santiago, Regi√≥n Metropolitana, Chile",-33.434127,-70.65721599999999,9 5038 5235,"['Monday: 9:00\u202fAM\u2009‚Äì\u20098:00\u202fPM', 'Tuesday: 9:00\u202fAM\u2009‚Äì\u20098:00\u202fPM', 'Wednesday: 9:00\u202fAM\u2009‚Äì\u20098:00\u202fPM', 'Thursday: 9:00\u202fAM\u2009‚Äì\u20098:00\u202fPM', 'Friday: 9:00\u202fAM\u2009‚Äì\u20098:00\u202fPM', 'Saturday: 9:00\u202fAM\u2009‚Äì\u20098:00\u202fPM', 'Sunday: 9:00\u202fAM\u2009‚Äì\u20098:00\u202fPM']",,5.0,[''],,1.0
"Cortinas Roller, Cortinas Verticales y Persianas ¬∑ DECORED","Quillagua 3848, 7800013 √ëu√±oa, Regi√≥n Metropolitana, Chile",-33.4677258,-70.5916039,9 4463 6803,"['Monday: 8:00\u202fAM\u2009‚Äì\u20098:00\u202fPM', 'Tuesday: 8:00\u202fAM\u2009‚Äì\u20098:00\u202fPM', 'Wednesday: 8:00\u202fAM\u2009‚Äì\u20098:00\u202fPM', 'Thursday: 8:00\u202fAM\u2009‚Äì\u20098:00\u202fPM', 'Friday: 8:00\u202fAM\u2009‚Äì\u20098:00\u202fPM', 'Saturday: Closed', 'Sunday: Closed']",https://wa.me/message/OU6P65SHCILRL1,4.8,"['Very good work! The curtains were very nice. Hector, who came to install them, was very fast and efficient. A very nice person, just like Don Bernardo.\nHighly recommended for quality and price.\nThank you very much to both of you.', 'Extraordinary work. Hector Aguilera attended us and his attention was excellent from start to finish, with a very good disposition he answered all our questions and changed the quote every time it was necessary, in addition they went to take measurements, showed us the fabric catalog and guided us as to to the decoration. As for the curtains, much better than we expected, beautiful. I emphasize that I chose Decorated since they were the only ones I found that made a 3.04 meter roller blind with just 1 panel and it turned out spectacular, it is even blackout, with a border and side guides and everything fit perfectly, no light passes through. I loved them.', 'Highly recommended, the curtains of excellent quality, what left us most happy was the disposition and service of Hector Aguilera who was very kind in his treatment and concerned about the details, the date commitment was also fulfilled, so as clients are very satisfied.', 'The entire process was wonderful, they took measurements, we defined fabrics and the guidance in each of the unbeatable processes. Totally recommended. Separate comment for Hector Aguilera, who was responsible for our project in the company and its incredible results.', 'I took the services of Decored for the installation of Roller DUO curtains, we had an initial technical visit in which the measurements were taken and the color options and types of fabric were reviewed, the estimate was sent to us the same day. There was a budget of 10 business days for the installation, however this was a little longer than expected, which worried me a little, but it was understandable due to the complexity of these holiday season dates. The installation was finally carried out by Hector, who carried out an impeccable installation and gave us very useful ideas. The curtains are of very good quality, exceeding my expectations.']",,75.0
Cortinas Rolzzo,"Segunda Avenida 1562, 8920241 San Miguel, Regi√≥n Metropolitana, Chile",-33.5032638,-70.6638574,9 9942 8383,"['Monday: 9:00\u202fAM\u2009‚Äì\u20096:00\u202fPM', 'Tuesday: 9:00\u202fAM\u2009‚Äì\u20096:00\u202fPM', 'Wednesday: 9:00\u202fAM\u2009‚Äì\u20096:00\u202fPM', 'Thursday: 9:00\u202fAM\u2009‚Äì\u20096:00\u202fPM', 'Friday: 9:00\u202fAM\u2009‚Äì\u20096:00\u202fPM', 'Saturday: Closed', 'Sunday: Closed']",https://www.cortinasrolzzo.cl/,5.0,"['They TRULY deserve their five starts!!. We contracted Cortinas Rolzzo for the job of installing blinds in our new house near Lago Rapel. The staff was professional from start to finish and they delivered as promised not just meeting but exceeding expectations. We recommend them without reservations. William, Diego, Reinaldo, Ramon and Antonio. THANK YOU!!!!', 'Wonderful service, quality products, very respectful, attentive, professional installers, as well as tidy, leaving everything clean before leaving. They accompany you throughout the entire quote and installation process. I was extremely happy with the service, I was not wrong to wait to be able to make the curtains with Rolzzo. Very very reliable company.', 'Excellent service. Super punctual in each of the visits (rectification of measurements and installation). The people who came were super respectful. They explain each step and recommend which option is best for you. They leave everything impeccable. 100% recommended', 'Excellent experience with the contracted service, from the first contact they clearly explained the times and materials they use. The installation was quite quick and always taking care of the details, they explained to me the maintenance and guarantees of the rollers, as well as the use of my voice assistant to control the motorized rollers. 100% recommendable.', '100% recommended. From the first contact they behaved in a very professional manner, they provided us with the necessary information and a variety of quotes, so we could choose the one that best suited us. They were quick when scheduling a visit, clarifying my doubts and choosing material. The installation was very fast, the guys were very friendly and professional. In the end it was the expected result. I would call them again ‚ò∫Ô∏è']",,347.0
CORTINAS OKLOK,"Av. Pedro Fontova 6919, 8591134 Huechuraba, Regi√≥n Metropolitana, Chile",-33.3588869,-70.6703151,9 9227 6233,"['Monday: 10:00\u202fAM\u2009‚Äì\u20097:00\u202fPM', 'Tuesday: 10:00\u202fAM\u2009‚Äì\u20097:00\u202fPM', 'Wednesday: 10:00\u202fAM\u2009‚Äì\u20097:00\u202fPM', 'Thursday: 10:00\u202fAM\u2009‚Äì\u20097:00\u202fPM', 'Friday: 10:00\u202fAM\u2009‚Äì\u20097:00\u202fPM', 'Saturday: 10:00\u202fAM\u2009‚Äì\u20093:00\u202fPM', 'Sunday: Closed']",https://www.oklok.cl/,5.0,"['100% recommended, speed, very good quality and wonderful models.. ‚ú®üå∑', 'Excellent attention, good quality and service, I recommend them in a üíØ. In my home we completely trust OKLOK curtains.', 'Excellent, very practical, comfortable to handle, very pretty, and the best thing is that if you need maintenance, adjustment or change, they are very efficient and their values \u200b\u200bmatch the needs, thank you for such a good service', 'I totally recommend the Oklok roller blinds service. They are very efficient, fast and neat work.\nI was happy with my new curtains.', 'The attention is incredible, beautiful designs, very innovative, I loved it, I would recommend it 100%']",,28.0
Cortihogar,"Av. Canal de la Luz 3696, 7750000 Puente Alto, Regi√≥n Metropolitana, Chile",-33.5709907,-70.54010389999999,9 5230 4452,"['Monday: 9:00\u202fAM\u2009‚Äì\u20099:00\u202fPM', 'Tuesday: 9:00\u202fAM\u2009‚Äì\u20099:00\u202fPM', 'Wednesday: 9:00\u202fAM\u2009‚Äì\u20099:00\u202fPM', 'Thursday: 9:00\u202fAM\u2009‚Äì\u20099:00\u202fPM', 'Friday: 9:00\u202fAM\u2009‚Äì\u20099:00\u202fPM', 'Saturday: 9:00\u202fAM\u2009‚Äì\u20099:00\u202fPM', 'Sunday: Closed']",http://cortihogar.cl/,5.0,"['The place is highly recommended.\nThey delivered all my curtains in a timely manner, they were perfect!']",,1.0
CortiHomecL,"Av. Irarr√°zaval 1812, 1030000 √ëu√±oa, Regi√≥n Metropolitana, Chile",-33.453179,-70.6121895,,"['Monday: 10:30\u202fAM\u2009‚Äì\u20097:00\u202fPM', 'Tuesday: 10:30\u202fAM\u2009‚Äì\u20097:00\u202fPM', 'Wednesday: 10:30\u202fAM\u2009‚Äì\u20097:00\u202fPM', 'Thursday: 10:30\u202fAM\u2009‚Äì\u20097:00\u202fPM', 'Friday: 10:30\u202fAM\u2009‚Äì\u20097:00\u202fPM', 'Saturday: 10:30\u202fAM\u2009‚Äì\u20092:00\u202fPM', 'Sunday: Closed']",,5.0,"['I am very happy with CortiHomeCL, their product is excellent, high quality, they provide punctual service, they are very friendly, they answered all my questions. Thank you so much!\nFor the second time I apply for your job and everything is perfect!\nI recommend them 200%']",,1.0
Aar√≥n Cortinas y Persianas,"Esperanza 594, 8350371 Santiago, Regi√≥n Metropolitana, Chile",-33.4383592,-70.6759371,9 9826 2440,"['Monday: 9:00\u202fAM\u2009‚Äì\u20096:00\u202fPM', 'Tuesday: 9:00\u202fAM\u2009‚Äì\u20096:00\u202fPM', 'Wednesday: 9:00\u202fAM\u2009‚Äì\u20096:00\u202fPM', 'Thursday: 9:00\u202fAM\u2009‚Äì\u20096:00\u202fPM', 'Friday: 9:00\u202fAM\u2009‚Äì\u20096:00\u202fPM', 'Saturday: 9:00\u202fAM\u2009‚Äì\u20092:00\u202fPM', 'Sunday: 9:00\u202fAM\u2009‚Äì\u20092:00\u202fPM']",,5.0,['I did maintenance on my hanga roa curtains and they looked like new. Good service and friendly treatment. Greetings!'],,1.0
Cortinas Roller One House,"Enrique Olivares 1168, 8240000 La Florida, Regi√≥n Metropolitana, Chile",-33.5395216,-70.5760486,9 9344 7527,"['Monday: 9:00\u202fAM\u2009‚Äì\u20097:00\u202fPM', 'Tuesday: 9:00\u202fAM\u2009‚Äì\u20097:00\u202fPM', 'Wednesday: 9:00\u202fAM\u2009‚Äì\u20097:00\u202fPM', 'Thursday: 9:00\u202fAM\u2009‚Äì\u20097:00\u202fPM', 'Friday: 9:00\u202fAM\u2009‚Äì\u20097:00\u202fPM', 'Saturday: 9:00\u202fAM\u2009‚Äì\u20097:00\u202fPM', 'Sunday: Closed']",,2.9,"['Bad experience, they take the measurements wrong and when installing they bring another color of curtain, cheap is expensive.\nI do not recommend.', 'Personally, I had a ""good"" experience with a certain exception... the problem arose when I recommended them for a friend, where Evelin (manager) took the measurements and the work was canceled completely and transferred in advance (240 thousand). directly to your personal account, all this dated March 15, 2023, in short, they tried on several occasions to have them carry out the installation and it was not possible to the point of having various excuses (all on Evelin\'s part). .. We arrived at the month of August without having the curtains, the excuses are varied... There is no material, the master installer fell ill, I am in progress, etc. etc. Evelin was directly asked to return the money... Failure to comply on several occasions with the stipulated date... (same number of excuses).. After approximately two months of waiting, on the last day of August of this year she made the return of the money, obviously not complying with the agreed installation. Personally, I never recommend them again, I would not call them for any job again because of the lack of seriousness they have and the non-compliance towards the person who recommended them.', 'Very good price and good service', 'They took my measurements incorrectly and did not put the curtain on me or refund the amount I paid. Never more.', 'Good service, affordable prices']",,10.0
Cortinas Fergu,"Av. Am√©rico Vespucio 475, 8000137 La Cisterna, Regi√≥n Metropolitana, Chile",-33.5389205,-70.6591218,9 9710 1403,"['Monday: 9:00\u202fAM\u2009‚Äì\u20097:00\u202fPM', 'Tuesday: 9:00\u202fAM\u2009‚Äì\u20097:00\u202fPM', 'Wednesday: 9:00\u202fAM\u2009‚Äì\u20097:00\u202fPM', 'Thursday: 9:00\u202fAM\u2009‚Äì\u20097:00\u202fPM', 'Friday: 9:00\u202fAM\u2009‚Äì\u20097:00\u202fPM', 'Saturday: 9:00\u202fAM\u2009‚Äì\u20092:00\u202fPM', 'Sunday: Closed']",http://www.cortinasfergu.cl/,4.3,"['Excellent service! We maintained some wooden curtains in an apartment that had not been maintained for years. They met the deadlines and both curtains and rails were impeccable. We have years to come with these curtains that look like new.', 'They did not leave me with good finishes, some joints of the grille are disordered, leaving a very large space without protection', 'I requested maintenance of the curtains and I would give it a score of 10, they are very professional and fast in addition to the quality of the materials they use, I recommend it 100%', 'Very good company, responsibility and quality in their products, totally\nrecommended', 'It is very good service']",,13.0
CHANTILLY,"Av. Independencia 436A, 8380574 Independencia, Regi√≥n Metropolitana, Chile",-33.4262262,-70.65464159999999,(2) 2735 6135,"['Monday: 9:30\u202fAM\u2009‚Äì\u20096:30\u202fPM', 'Tuesday: 9:30\u202fAM\u2009‚Äì\u20096:30\u202fPM', 'Wednesday: 9:30\u202fAM\u2009‚Äì\u20096:30\u202fPM', 'Thursday: 9:30\u202fAM\u2009‚Äì\u20096:30\u202fPM', 'Friday: 9:30\u202fAM\u2009‚Äì\u20096:30\u202fPM', 'Saturday: 9:30\u202fAM\u2009‚Äì\u20092:30\u202fAM', 'Sunday: Closed']",http://www.chantilly.cl/,3.8,"['Chantilly is no longer located at that address, now there is another store that also sells fabrics. The service is good, but it is not Chantilly... The person told me that during the pandemic Chantilly is no longer in that direction.', 'Very nice store, but a little small, now they have a discount on Christmas items, the bad but manageable thing is that the sellers do not get away from you', 'Beautiful designs of excellent quality. No cheap stuff. They are fabrics for upholstery, but I wanted to make jackets with those beautiful fabrics.', 'It is a store where you can buy ready-made curtains or buy your own fabric and make your own curtain designs and cheap.', 'Blankets within reach of the pocket.']",,6.0
Cortinas JG,"Av. Am√©rico Vespucio N¬∞ 475, 7970696 La Cisterna, Regi√≥n Metropolitana, Chile",-33.5348777,-70.6717687,9 8259 1769,"['Monday: 9:00\u202fAM\u2009‚Äì\u20097:30\u202fPM', 'Tuesday: 9:00\u202fAM\u2009‚Äì\u20097:30\u202fPM', 'Wednesday: 9:00\u202fAM\u2009‚Äì\u20097:30\u202fPM', 'Thursday: 9:00\u202fAM\u2009‚Äì\u20097:30\u202fPM', 'Friday: 9:00\u202fAM\u2009‚Äì\u20097:30\u202fPM', 'Saturday: 9:00\u202fAM\u2009‚Äì\u20094:30\u202fPM', 'Sunday: Closed']",http://www.cortinasdemaderaypersianasjg.cl/,,[],,
MeryGates SPA Cortinas Met√°licas Persianas de Aluminio Puertas Seccionales,"Av. Jorge Hirmas 2679, 8641125 Santiago, Renca, Regi√≥n Metropolitana, Chile",-33.418112,-70.68224409999999,(2) 2669 6040,"['Monday: 8:30\u202fAM\u2009‚Äì\u20096:00\u202fPM', 'Tuesday: 8:30\u202fAM\u2009‚Äì\u20096:00\u202fPM', 'Wednesday: 8:30\u202fAM\u2009‚Äì\u20096:00\u202fPM', 'Thursday: 8:30\u202fAM\u2009‚Äì\u20096:00\u202fPM', 'Friday: 8:30\u202fAM\u2009‚Äì\u20096:00\u202fPM', 'Saturday: Closed', 'Sunday: Closed']",http://www.merygates.cl/,5.0,"['Excellent attention', '']",,2.0
SINFLEX CORTINAS ROLLER,"Carlota Guzm√†n 1190, 8660001 Renca, Regi√≥n Metropolitana, Chile",-33.40678679999999,-70.7609976,(2) 3263 0260,"['Monday: 9:30\u202fAM\u2009‚Äì\u20096:30\u202fPM', 'Tuesday: 9:30\u202fAM\u2009‚Äì\u20096:30\u202fPM', 'Wednesday: 9:30\u202fAM\u2009‚Äì\u20096:30\u202fPM', 'Thursday: 9:30\u202fAM\u2009‚Äì\u20096:30\u202fPM', 'Friday: 9:30\u202fAM\u2009‚Äì\u20096:30\u202fPM', 'Saturday: Closed', 'Sunday: Closed']",http://www.sinflex.cl/,4.9,"['Good fabrics and excellent quality.üëç', 'Very good\nExcellent attention', 'Excellent prices and good service and attention', 'Excellent attention', 'excellent attention']",,20.0
Cortinas CBA,"Av. Sucre, 7591538 √ëu√±oa, Regi√≥n Metropolitana, Chile",-33.44852749999999,-70.6046286,9 6399 5208,"['Monday: 10:00\u202fAM\u2009‚Äì\u20096:00\u202fPM', 'Tuesday: 10:00\u202fAM\u2009‚Äì\u20096:00\u202fPM', 'Wednesday: 10:00\u202fAM\u2009‚Äì\u20096:00\u202fPM', 'Thursday: 10:00\u202fAM\u2009‚Äì\u20096:00\u202fPM', 'Friday: 10:00\u202fAM\u2009‚Äì\u20096:00\u202fPM', 'Saturday: Closed', 'Sunday: Closed']",,2.0,"['I purchased curtains a while ago, and the truth is that, although it is a good job, it cost a lot on both of us to get it done well.\n\nBackground:\n1.- They ask you to deposit all the money to carry out the work, it can be divided into installments, but you are not eligible for the discount they offer you. 2.- The company does not have a physical place to serve. They have a reported office that is located on Sucre Street, but when I go, they tell me that they rented an office there, but they left more than two years ago. The receptionist also indicates that several clients have arrived at this place. Today I see that the address was edited, without mentioning the number where they are supposedly located.\n3.- When closing the deal, they send you a manual of everything you must do, conditions to start work and other topics. This manual does not specify installation guarantees for the customer, for example, that they will not damage the walls, etc...\n4.- The installation is coordinated, but they only bring part of the materials, because the differential was not ready. The corresponding claim is generated, since the installation of these curtains involves moving the furniture near the windows and it is not a minor job to have to do it more than once.\n5.- While they were installing the rails, they began to carry the siding of the building, as well as the railings with the drill. They repaired it with plaster, but in the afternoon it fell, putting someone at risk of falling into the pool.\n6.- A claim was made regarding the terminations, installing only one screw at the end of the rails to prevent the curtain from coming off.\n7.- After the complaints, another person appeared giving instructions to generate good quality work, however, these instructions were not followed by the installation personnel. If you bring a master to repair the details.\n8.- They finish the installation of the curtains, after requesting: level the rails, change those that were scratched and approve the installation. It is understood that in some places they left the rail inside the wall and in another on the outskirts. I do highlight that they brought details such as shells to hold the curtains together, which were not included in the installation.\n9.- A count of all the details is taken and the master repairs it with wall paste. I took a color sample, but when painting it looked very light so it was removed after taking a new sample. Then he returned to assist with darker paint, so he left without carrying out the work. You end up mixing both paints and painting the terrace, however, when it dries, you notice that the amount of paint was insufficient.\n10.- Without further news from the company, buy paint and we will repair the details. They never contacted us to see how the work turned out.\n\nAs a summary,\n- the curtains are of good quality,\n- was satisfied with the installation, only once all the objections were considered.\n- several visits to achieve a good job.\n- Not having a physical place to make claims generates distrust.\n- quality control of the installation does not come by default, it must be required.\n- Unfortunately the customer experience is not good, but the product is.', 'Terrible Service, they offer delivery within a deadline and then arrive with half of the materials to extend delivery times, the curtains are of poor quality and poorly finished.\nThey had to replace everything again, in the end it was a nightmare, putting curtains in a department that in other serious companies could have taken a couple of hours, I ended up receiving 3 days for teachers.\nThey offered me financial compensation and they never did it!!!\nCHANTAS... EVERYWHERE.... IT IS NOT RECOMMENDED NOT TO BUY FROM THEM.....']",,2.0
Cortinas Met√°licas Manquehue,"C. Cam. Las Flores 6162, 9301474 Maip√∫, Regi√≥n Metropolitana, Chile",-33.47912129999999,-70.7620834,9 7384 7153,"['Monday: 8:00\u202fAM\u2009‚Äì\u20096:00\u202fPM', 'Tuesday: 8:00\u202fAM\u2009‚Äì\u20096:00\u202fPM', 'Wednesday: 8:00\u202fAM\u2009‚Äì\u20096:00\u202fPM', 'Thursday: 8:00\u202fAM\u2009‚Äì\u20096:00\u202fPM', 'Friday: 8:00\u202fAM\u2009‚Äì\u20096:00\u202fPM', 'Saturday: Closed', 'Sunday: Closed']",,5.0,"['Super professionals, fast, efficient work and at a good price. 100% recommended', '']",,2.0
Independencia en la Florida Todo Tela,"Av. La Florida 9391, La Florida, Regi√≥n Metropolitana, Chile",-33.5406925,-70.57163299999999,,,https://todotela.cl/,4.4,"['Well, it complies with protocols and is fast and stocked. We are from the Florida sector and it is better to buy here.', 'Excellent prices, location and variety of fabrics, the best service! I always go there.', 'Excellent atention.\nWide varieties of fabrics, accessories and threads to carry out your curtain, upholstery and bedding projects.\nEconomical prices, different payment methods.\nThe issue of parking must be considered, it is recommended to use the parking lot of the Santa Isabel supermarket, which is on the corner.', 'Although the variety is not that much, there is what is necessary. Good job in making curtains and punctual on dates', 'Good variety of products and prices. Get out of trouble and avoid going to Independencia.\n\nI highlight the good attention of the cashier.\n\nThe attention of the fabric cutters could improve.']",,175.0
Planet Roller,"Av. Las Condes, Las Condes, Regi√≥n Metropolitana, Chile",-33.3822357,-70.5322525,,"['Monday: 9:30\u202fAM\u2009‚Äì\u20096:00\u202fPM', 'Tuesday: 9:30\u202fAM\u2009‚Äì\u20096:00\u202fPM', 'Wednesday: 9:30\u202fAM\u2009‚Äì\u20096:00\u202fPM', 'Thursday: 9:30\u202fAM\u2009‚Äì\u20096:00\u202fPM', 'Friday: 9:30\u202fAM\u2009‚Äì\u20096:00\u202fPM', 'Saturday: 9:30\u202fAM\u2009‚Äì\u20095:00\u202fPM', 'Sunday: Closed']",https://www.planetroller.cl/,4.2,"[""Excellent place!!! They have an abundant assortment of wallpapers all in stock ready to go. The quality of the products is of the highest level and in addition to wallpapers you can find lamps, roller blinds, and similar things, all for a fair and very convenient price. We only needed one roll, and they treated us like VIP clients, in addition to bringing us an excellent quality product, we had a very pleasant experience, thanks to their family and very friendly attention. I'm missing stars to rate this place, completely recommended!"", 'They offer excellent service, responsible and punctual, they have fulfilled everything we needed in the purchase and installation of the curtains. He has a great willingness to serve and very friendly. And what stands out most about my experience is that the company takes care of post-sale eventualities, after installing the curtains my son accidentally broke the chain, and Planet Roller came without a single problem and was very willing to replace us. the chain to the house.\nToday the curtains are in perfect condition and fulfill their function 100%, and they also make my home look much more beautiful.', '100% Recommended, excellent service and attention. 3 years ago I changed all the curtains in my house with Planet Roller and it was the best decision. The curtains are of good quality and durability, they are still in perfect condition, and they completely fulfill their function, in addition to being very beautiful and adding modernity and space to the house.', ""Totally recommended, they have quality service, punctuality and a very good disposition to clarify doubts. I wasn't sure what I wanted but with their help I was able to remodel my house with the most modern curtains."", 'Super recommended!! The best price I got, they installed quickly and were super friendly. The quality they have is superior! thank you!!']",,32.0
"Fabrics: Fabrics, Carpets and Curtains","Av. Vicu√±a Mackenna 1681, 8360593 Santiago, Regi√≥n Metropolitana, Chile",-33.4657288,-70.6270945,,"['Monday: 10:00\u202fAM\u2009‚Äì\u20097:00\u202fPM', 'Tuesday: 10:00\u202fAM\u2009‚Äì\u20097:00\u202fPM', 'Wednesday: 10:00\u202fAM\u2009‚Äì\u20097:00\u202fPM', 'Thursday: 10:00\u202fAM\u2009‚Äì\u20097:00\u202fPM', 'Friday: 10:00\u202fAM\u2009‚Äì\u20097:00\u202fPM', 'Saturday: 10:00\u202fAM\u2009‚Äì\u20092:00\u202fPM', 'Sunday: Closed']",http://www.fabrics.cl/,4.2,"[""Ver√≥nica, Carolina and I don't know the name of the gentleman who works there. They are incredible sellers. very friendly, pleasant, attentive. a pleasure shopping at Fabrics."", 'Little and no outlet. A large part of the fabrics are Chinese. They are sold as exclusive and are the same in other markets. The discounts are on inflated prices so the offers are not so much.', 'It has no variety or convenient prices. The good thing is being able to go look for products that are purchased on the page and save shipping.', 'Good quality but you have to go when there is a discount on the website', ""Slow service and they don't have much variety.""]",,164.0
Window Art,"Av. Jorge Hirmas 2679, 1030000 Renca, Regi√≥n Metropolitana, Chile",-33.4180561,-70.6822653,9 4410 7315,"['Monday: 9:00\u202fAM\u2009‚Äì\u20096:00\u202fPM', 'Tuesday: 9:00\u202fAM\u2009‚Äì\u20096:00\u202fPM', 'Wednesday: 9:00\u202fAM\u2009‚Äì\u20096:00\u202fPM', 'Thursday: 9:00\u202fAM\u2009‚Äì\u20096:00\u202fPM', 'Friday: 9:00\u202fAM\u2009‚Äì\u20096:00\u202fPM', 'Saturday: Closed', 'Sunday: Closed']",,5.0,['I bought some curtains months ago with them and the commercial service is very good from the executive who assisted me to the installers 20 points for this company'],,1.0
La Casa del Roller,"Never√≠a 4524, 7580111 Las Condes, Regi√≥n Metropolitana, Chile",-33.4152182,-70.5822828,(2) 6465 9900,"['Monday: 9:00\u202fAM\u2009‚Äì\u20097:00\u202fPM', 'Tuesday: 9:00\u202fAM\u2009‚Äì\u20097:00\u202fPM', 'Wednesday: 9:00\u202fAM\u2009‚Äì\u20097:00\u202fPM', 'Thursday: 9:00\u202fAM\u2009‚Äì\u20097:00\u202fPM', 'Friday: 9:00\u202fAM\u2009‚Äì\u20097:00\u202fPM', 'Saturday: 9:00\u202fAM\u2009‚Äì\u20092:00\u202fPM', 'Sunday: Closed']",,4.5,"['Very good service, from the first meeting to choose the type of curtains, materials and colors until the final installation. The delivery time was as agreed and the materials are of very good quality. My wife and I were very happy with the curtains.', 'Excellent service and quality of their products, the finishes are above the market standard. 100% recommendable. I bought vertical curtains for the Department and in less than a week they were installed. If you want something good, of quality and also at a good price, La Casa del Roller is the best option.', 'Excellent material, very fast installation and good price üëç I recommend them', 'We went to the indicated address. The store does not exist! Be careful because it is clearly a scam.', 'Terrible service. I had to repaint all the baseboards after ""cleaning"" the floating floor. And how strange that all the people who have rated La Casa de del Roller as 5 stars have no other reviews on Google. It\'s almost like they are all fake reviews!! Two images are attached - one photo of the damage they did and the other the bank details of the ""service"" provider - the roller house.']",,45.0
"Fabrics: curtains, draperies and Roller","Av. Pdte. Kennedy Lateral 5413, Local 565 Piso, 7550000 Las Condes, Regi√≥n Metropolitana, Chile",-33.4021934,-70.57824939999999,,"['Monday: 10:00\u202fAM\u2009‚Äì\u20098:30\u202fPM', 'Tuesday: 10:00\u202fAM\u2009‚Äì\u20098:30\u202fPM', 'Wednesday: 10:00\u202fAM\u2009‚Äì\u20098:30\u202fPM', 'Thursday: 10:00\u202fAM\u2009‚Äì\u20098:30\u202fPM', 'Friday: 10:00\u202fAM\u2009‚Äì\u20099:00\u202fPM', 'Saturday: 10:00\u202fAM\u2009‚Äì\u20099:00\u202fPM', 'Sunday: 11:00\u202fAM\u2009‚Äì\u20098:30\u202fPM']",http://www.fabrics.cl/,2.9,"[""The worst store in the world!!!\nWaiting for an online order for more than a month, they lie, blaming the buyer, and they don't respond by email.\nCould it be a coincidence that you have closed comments on Instagram? A STORE GARBAGE"", 'I bought a set of sheets and the first wash they discolored. I made the claim at fabrics p arauco, which is where I bought them and they did not take responsibility. I find it incredible that a factory category store does not respond to fabrics that obviously came with failed dyeing. With this, I will never go shopping in factories again and of course I will not recommend it for any reason.', 'I bought curtains a month ago and they promise to send them but they never arrive. Communication is terrible.', ""Good afternoon. Very bad service in selling fabrics at Fabrics Parque Arauco. First, they didn't call us about the delivery of the fabric, it was very difficult to communicate with them, in the end I managed to do it by email and the salesperson had written down my number wrong. After 2 weeks he replied that the fabrics were ready to pick up.\nThey gave us a roll with the 2 fabrics that we had purchased, we trusted that what we requested came, but NO, it came another fabric that had nothing to do with it, I bought with design, and it came a white fabric of very poor quality. Of course they don't respond.\nVery bad service in fabric sales\nFrom what I read it happens often\nNot buying!!!"", ""I bought a Dawn Alternative 2-seater down jacket in May and started using it about a month ago. When I changed the down cover I realized that the filling came out, the legal warranty had already expired. But so that the same thing doesn't happen to others, I put a review on their page, which they verify via email. However, they deleted it, they only leave the reviews that suit them, terrible!!!!""]",,22.0
CORTINAS SABELUP,"Av. M√©xico 1173, 8431558 Recoleta, Regi√≥n Metropolitana, Chile",-33.4058831,-70.6547865,9 9479 2841,"['Monday: 10:00\u202fAM\u2009‚Äì\u20096:00\u202fPM', 'Tuesday: 10:00\u202fAM\u2009‚Äì\u20096:00\u202fPM', 'Wednesday: 10:00\u202fAM\u2009‚Äì\u20096:00\u202fPM', 'Thursday: 10:00\u202fAM\u2009‚Äì\u20096:00\u202fPM', 'Friday: 10:00\u202fAM\u2009‚Äì\u20096:00\u202fPM', 'Saturday: Closed', 'Sunday: Closed']",,5.0,"['Excellent service and very reliable, they did an excellent job at home']",,1.0
Rey Rollers,"Av. Departamental 582, 8930213 San Miguel, Regi√≥n Metropolitana, Chile",-33.5065699,-70.642282,9 9562 8622,"['Monday: 9:00\u202fAM\u2009‚Äì\u20096:00\u202fPM', 'Tuesday: 9:00\u202fAM\u2009‚Äì\u20096:00\u202fPM', 'Wednesday: 9:00\u202fAM\u2009‚Äì\u20096:00\u202fPM', 'Thursday: 9:00\u202fAM\u2009‚Äì\u20096:00\u202fPM', 'Friday: 9:00\u202fAM\u2009‚Äì\u20094:00\u202fPM', 'Saturday: 12:00\u202fAM\u2009‚Äì\u20096:00\u202fPM', 'Sunday: Closed']",https://www.reyrollers.cl/,5.0,"['I was happy with the service and installation of the curtains, and Nicol√°s is very professional and well-disposed. The quality of the products is first class and I recommend it 100%.', 'Excellent service,\nCurtains are of very good quality, they look beautiful, the installers were very careful as well as friendly, I highly recommend them', 'I must highlight the hard work and dedication. He is totally neat when installing the curtains. Very good quality, it shows that they are a serious company that is very concerned about their customers. I was personally assisted by Nicolas, who is by far a very kind person and aware of his work. 1000% recommended. Install sunscreen and blackout and both are excellent. You can tell that it is a product that will last me for YEARS.', 'Excellent service. We were working with the team in the installation of Cl√≠nica Los Dominicos, they went too far.\nBeautiful rollerballs!', 'Very good experience, it is the second time I have worked with them. They respond for the quote quickly, then confirm the measurements, styles and fabrics at your home, recommend what is best and so far I have not had any problems with the installation or quality, in addition, they have a guarantee']",,79.0
Solmatec Cortinas Roller,"Av. Marath√≥n 2879, 7810772 Macul, Regi√≥n Metropolitana, Chile",-33.4816593,-70.61374880000001,,"['Monday: 9:00\u202fAM\u2009‚Äì\u20097:00\u202fPM', 'Tuesday: 9:00\u202fAM\u2009‚Äì\u20097:00\u202fPM', 'Wednesday: 9:00\u202fAM\u2009‚Äì\u20097:00\u202fPM', 'Thursday: 9:00\u202fAM\u2009‚Äì\u20097:00\u202fPM', 'Friday: 9:00\u202fAM\u2009‚Äì\u20097:00\u202fPM', 'Saturday: 10:30\u202fAM\u2009‚Äì\u20091:30\u202fPM', 'Sunday: Closed']",http://solmatec.cl/,4.1,"[""Cheap and good quality standard size curtains. I have not bought custom.\nBad post-sale, when some curtains arrived stained I had to pay for their return to the company's warehouse. They did not notify that the shipment was sent."", 'I have not had a good experience with this company. Badly cut curtains so they roll poorly. Horrible after-sales service, they take forever to arrange visits and even less do they solve the problems', 'Good attention ! Good variety and good price! Fully recommended! Plus they make the curtains in 3 to 5 days!', 'Excellent advice and service, second time I have asked for curtains to be made, very good prices and quality of the rollers üëåüëå', 'Excellent attention from its own owner']",,20.0
"WINSOL - Cortinas Roller, Persianas y Toldos","Rub√©n Barrales 1642, Lo Barnechea, Regi√≥n Metropolitana, Chile",-33.35475270000001,-70.509835,9 6637 8108,"['Monday: 8:00\u202fAM\u2009‚Äì\u20095:30\u202fPM', 'Tuesday: 8:00\u202fAM\u2009‚Äì\u20095:30\u202fPM', 'Wednesday: 8:00\u202fAM\u2009‚Äì\u20095:30\u202fPM', 'Thursday: 8:30\u202fAM\u2009‚Äì\u20095:30\u202fPM', 'Friday: 8:00\u202fAM\u2009‚Äì\u20095:00\u202fPM', 'Saturday: Closed', 'Sunday: Closed']",http://www.winsol.cl/,4.4,"['A company that leaves a lot to be desired. Flaite management', 'Excellent quality and punctuality', 'Excellent', 'üëãüëãüëãüëã', 'Excellent']",,16.0
FALEX HOME - CORTINAS ROLLER,"Pje. Sta. Florencia Sur 4228, 9276027 Maip√∫, Regi√≥n Metropolitana, Chile",-33.5521643,-70.7954761,9 8801 2999,"['Monday: 10:00\u202fAM\u2009‚Äì\u20097:00\u202fPM', 'Tuesday: 10:00\u202fAM\u2009‚Äì\u20097:00\u202fPM', 'Wednesday: 10:00\u202fAM\u2009‚Äì\u20097:00\u202fPM', 'Thursday: 10:00\u202fAM\u2009‚Äì\u20097:00\u202fPM', 'Friday: 10:00\u202fAM\u2009‚Äì\u20097:00\u202fPM', 'Saturday: 10:00\u202fAM\u2009‚Äì\u20097:00\u202fPM', 'Sunday: Closed']",,4.5,"['Excellent very good quality', 'Rich and hygienic', 'I liked', '', '']",,10.0
Cortinas Roller - Norvak,"Alonso de C√≥rdova 4048, 7630448 Vitacura, Regi√≥n Metropolitana, Chile",-33.4025582,-70.5907929,(2) 2263 7792,"['Monday: 10:00\u202fAM\u2009‚Äì\u20097:00\u202fPM', 'Tuesday: 10:00\u202fAM\u2009‚Äì\u20097:00\u202fPM', 'Wednesday: 10:00\u202fAM\u2009‚Äì\u20097:00\u202fPM', 'Thursday: 10:00\u202fAM\u2009‚Äì\u20097:00\u202fPM', 'Friday: 10:00\u202fAM\u2009‚Äì\u20097:00\u202fPM', 'Saturday: 11:00\u202fAM\u2009‚Äì\u20092:00\u202fPM', 'Sunday: Closed']",https://www.norvak.cl/?nivel=contacto,5.0,"['Excellent service, very attentive, fast and on-time delivery. Highly recommended and products with excellent quality and price ratio.', 'Excellent service and quality of curtains']",,2.0
CORTINAS ROLLER ROLLERM√ÅS,"Av. Sucre 2680, 7750000 √ëu√±oa, Regi√≥n Metropolitana, Chile",-33.4482625,-70.60306589999999,9 5112 0245,"['Monday: 9:00\u202fAM\u2009‚Äì\u20096:00\u202fPM', 'Tuesday: 9:00\u202fAM\u2009‚Äì\u20096:00\u202fPM', 'Wednesday: 9:00\u202fAM\u2009‚Äì\u20096:00\u202fPM', 'Thursday: 9:00\u202fAM\u2009‚Äì\u20096:00\u202fPM', 'Friday: 9:00\u202fAM\u2009‚Äì\u20096:00\u202fPM', 'Saturday: Closed', 'Sunday: Closed']",https://www.rollermas.cl/,5.0,"['Excellent attention, Bernardo Aguilera, a professional concerned so that the work is finished with optimal results. Very grateful for the very good service and installation of outstanding quality.', 'Totally recommended, they guide you from start to finish and the price/quality is definitely worth it. I am very happy with my curtains.', 'They treated me super friendly, the service was excellent, fast and very reliable!!', 'Very good service! Super attentive and very friendly!', 'Super recommended, we were very happy with the curtains!! üëçüëç']",,7.0
Onix Roller,"Maule 1094, 8360776 Santiago, Regi√≥n Metropolitana, Chile",-33.46744019999999,-70.6478198,9 7987 0899,"['Monday: 9:00\u202fAM\u2009‚Äì\u20096:00\u202fPM', 'Tuesday: 9:00\u202fAM\u2009‚Äì\u20096:00\u202fPM', 'Wednesday: 9:00\u202fAM\u2009‚Äì\u20096:00\u202fPM', 'Thursday: 9:00\u202fAM\u2009‚Äì\u20096:00\u202fPM', 'Friday: 9:00\u202fAM\u2009‚Äì\u20096:00\u202fPM', 'Saturday: 9:00\u202fAM\u2009‚Äì\u20092:00\u202fPM', 'Sunday: Closed']",http://www.onixroller.cl/,4.8,"[""Excellent work, they generated the quote based on the measurements I sent, then they came to my house to rectify, made and installed. They gave me a good price and the installation service was excellent, they left everything clean and I didn't have to look at anything, I just received the work and everything worked perfectly.\nThank you so much! Excellent work, I recommend them."", 'Truly an excellent experience. They were diligent, responsible and experts in the installation of my rollers. It turned out beautiful!!', 'Excellent service! Super recommended! Very professional, my curtains turned out beautiful', 'Excellent in price and quality!! The installation was exactly as I requested. Recommended!', 'Excellent service. They went to install curtains and security meshes in the Department in Algarrobo. Very friendly and professional, both the girl who attends the wsp who is always available and the guys who install. Very good relation cost quality. They were the only ones who, even though I was from Santiago, came to take the measurements and then install them in Algarrobo and at a very convenient price. I recommend them 100%.']",,16.0
Munio Vert,"Av. Pdte. Kennedy 6690, local 02, 7650672 Vitacura, Regi√≥n Metropolitana, Chile",-33.3950207,-70.564306,9 9310 9014,"['Monday: 9:30\u202fAM\u2009‚Äì\u20096:00\u202fPM', 'Tuesday: 9:30\u202fAM\u2009‚Äì\u20096:30\u202fPM', 'Wednesday: 9:30\u202fAM\u2009‚Äì\u20096:00\u202fPM', 'Thursday: 9:30\u202fAM\u2009‚Äì\u20096:30\u202fPM', 'Friday: 9:30\u202fAM\u2009‚Äì\u20096:00\u202fPM', 'Saturday: Closed', 'Sunday: Closed']",https://muniovert.cl/,5.0,"['Competitive prices, punctual in taking measurements, respectful technicians, they take care of details in installation and work cleanly, with good attention. Quick installation. Sales area with quick and comprehensive quote responses to different quotes.', 'Excellent service from the moment I wrote to them on WhatsApp! excellent price-quality. The young people who came to rectify and install were very friendly and professional, and they completed a quick installation! They far exceeded my expectations!', 'Excellent service, from quote to installation. Ingrid is very concerned about responding effectively and coordinating a schedule that suits you. At the time of installation, the guys were very concerned about leaving everything clean and very careful when working. I recommend them üëçüèº', ""Very efficient and super fast quote. Despite having communication problems due to the phone signal, everything worked well and the installation was fine. They just had the sunscreen fabric that I needed and that many other companies don't even have in stock in 1% and in white. The best thing was that the day after payment they installed it for me, super fast. Thank you! Let's hope they last a long time :)"", 'As a company they are responsible and with a very good disposition.\nWith various alternative designs and styles available.\nExcellent price/quality ratio üëç\n\nVery happy and satisfied with\nour roller blinds (single and double) ‚ù§Ô∏è']",,13.0
Decoflat,"Cam. Lo Echevers 400, 8730594 Quilicura, Regi√≥n Metropolitana, Chile",-33.37399399999999,-70.7559563,9 6231 2028,"['Monday: 8:30\u202fAM\u2009‚Äì\u20097:00\u202fPM', 'Tuesday: 8:30\u202fAM\u2009‚Äì\u20097:00\u202fPM', 'Wednesday: 8:30\u202fAM\u2009‚Äì\u20097:00\u202fPM', 'Thursday: 8:30\u202fAM\u2009‚Äì\u20097:00\u202fPM', 'Friday: 8:30\u202fAM\u2009‚Äì\u20097:00\u202fPM', 'Saturday: Closed', 'Sunday: Closed']",http://decoflat.cl/,5.0,"['Excellent service, fast, clean, and committed. In less than a week the work was already installed. Fully recommended.', '', '']",,3.0
Cortinas y Visillos,"Av. Irarr√°zaval 3475, √ëu√±oa, Regi√≥n Metropolitana, Chile",-33.4554418,-70.5946763,9 7986 7987,,http://www.cortinasyvisillos.cl/,5.0,[''],,1.0
Independencia 385,"Av. Independencia 385, 8380799 INDEPENDENCIA, Independencia, Regi√≥n Metropolitana, Chile",-33.42676859999999,-70.6541335,(2) 2918 9456,"['Monday: 10:00\u202fAM\u2009‚Äì\u20096:30\u202fPM', 'Tuesday: 10:00\u202fAM\u2009‚Äì\u20096:30\u202fPM', 'Wednesday: 10:00\u202fAM\u2009‚Äì\u20096:30\u202fPM', 'Thursday: 10:00\u202fAM\u2009‚Äì\u20096:30\u202fPM', 'Friday: 10:00\u202fAM\u2009‚Äì\u20096:30\u202fPM', 'Saturday: 10:00\u202fAM\u2009‚Äì\u20093:00\u202fPM', 'Sunday: Closed']",,4.5,"['Very good prices and very good service, great variety of wool', 'Good prices on curtains and well attended.', 'This store is highly recommended', 'Good place to buy fabrics.', 'Excellent place to buy fabrics, there are many varieties and textures']",,60.0
Roller Plus,"Los Prados 1755, 7690089 Lo Barnechea, Regi√≥n Metropolitana, Chile",-33.35257,-70.50475999999999,9 8209 8059,"['Monday: 9:00\u202fAM\u2009‚Äì\u20096:00\u202fPM', 'Tuesday: 9:00\u202fAM\u2009‚Äì\u20096:00\u202fPM', 'Wednesday: 9:00\u202fAM\u2009‚Äì\u20096:00\u202fPM', 'Thursday: 9:00\u202fAM\u2009‚Äì\u20096:00\u202fPM', 'Friday: 9:00\u202fAM\u2009‚Äì\u20096:00\u202fPM', 'Saturday: Closed', 'Sunday: Closed']",http://rollerplus.cl/,4.0,"[""Terrible after-sales service, for weeks I search for a solution and get no response, what's more, they don't know the materials used, claiming that it is not theirs."", 'Excellent after-sales service. They maintained my awning to extend its useful life, reinforced the seams and checked the opening mechanism.', 'Excellent product, best pre and after-sales service. They comply with the installation times... I recommend it 100%, also Paulina Rivas is very kind and friendly.', 'Very satisfied with the work, responsible on time and willing to resolve details.']",,4.0
Mery Hermanos SpA,"Av. Jorge Hirmas 2673, 8641125 Santiago, Renca, Regi√≥n Metropolitana, Chile",-33.41817939999999,-70.6820204,(2) 2669 6040,"['Monday: 8:00\u202fAM\u2009‚Äì\u20096:00\u202fPM', 'Tuesday: 8:00\u202fAM\u2009‚Äì\u20096:00\u202fPM', 'Wednesday: 8:00\u202fAM\u2009‚Äì\u20096:00\u202fPM', 'Thursday: 8:00\u202fAM\u2009‚Äì\u20096:00\u202fPM', 'Friday: 8:00\u202fAM\u2009‚Äì\u20096:00\u202fPM', 'Saturday: Closed', 'Sunday: Closed']",http://www.merygates.cl/,3.7,"[""Fraud, I hired their services for the installation of 9 electric blinds in walnut, I trusted their services, I paid dearly for it, since their installation they were never in good condition, one opened, the other did not, uffff and others that rolled up and stopped work, it continued like this until today, which at first they came, which they fulfilled according to the 12-month warranty, but since November 2023, the owner, Mr. Carlos Mery, gave me some answers saying that it was an electrical problem, which they had no responsibility in it, but they were the ones who made the electrical connections of the curtains, therefore he concluded that they must have qualified personnel for it, but according to this Mr. they are not electrical, how can they then sell and install blinds, curtains electric companies, I do this because these companies cannot always get away with leaving those of us who strive to have the money to pay them. Because if you can't owe them a peso, I hope that with my experience with this company it will be useful to all those who hire their Services, for my part I still have the blinds in poor condition, now I am complaining to Sernac, because they will have to fix what I pay them. yes or yes, since money is not born on trees, they do not give it away either... do not fall for these companies that make fun of us consumers and we trust them, photos where the blinds were left up, the others with tremendous padding that was left because they would not want to change what was damaged, and so I can continue telling you but better, Do not hire"", ""Terrible experience with this company‚Ä¶\nThey did not comply with the installation schedule... then they made a new charge for going to install (180 thousand pesos)! The extremely vulgar owner is not interested in the customers' opinions‚Ä¶ I do not recommend at all‚Ä¶"", 'I get everything there', 'excellent service.', 'Good']",,6.0
